INSERT INTO `RECRUITMENT_DRIVE` (`RD_ID`, `NAME`, `STATUS`, `ADD_BY`, `ADD_ON`, `EDIT_BY`, `EDIT_ON`) VALUES (1,'rd_xyz',1,0,'2019-02-16 04:20:23',0,'2019-02-16 04:20:23');

INSERT INTO `COMMITTEE_MEMBERS` (`USERID`, `RD_ID`, `LOGIN`, `PASSWORD`, `ROLE`, `NAME`, `DEPARTMENT`, `MOBILE`, `EMAIL`, `STATUS`, `ADD_BY`, `ADD_ON`, `EDIT_BY`, `EDIT_ON`) VALUES (1,1,'abcd','pqrs',1,'CM_xyz','Neurology','9986612365','xyz@gmail.com',1,0,'2019-02-16 05:05:12',0,'2019-02-16 05:05:12');
INSERT INTO `COMMITTEE_MEMBERS` (`USERID`, `RD_ID`, `LOGIN`, `PASSWORD`, `ROLE`, `NAME`, `DEPARTMENT`, `MOBILE`, `EMAIL`, `STATUS`, `ADD_BY`, `ADD_ON`, `EDIT_BY`, `EDIT_ON`) VALUES (2,1,'bncv','poiu',1,'CM_abc','Neurology','8569456321','abc@gmail.com',1,0,'2019-02-16 05:06:08',0,'2019-02-16 05:06:08');
INSERT INTO `COMMITTEE_MEMBERS` (`USERID`, `RD_ID`, `LOGIN`, `PASSWORD`, `ROLE`, `NAME`, `DEPARTMENT`, `MOBILE`, `EMAIL`, `STATUS`, `ADD_BY`, `ADD_ON`, `EDIT_BY`, `EDIT_ON`) VALUES (3,1,'hjkg','plas',1,'CM_qwer','Neurosurgery','2654879314','Cv@gmail.com',1,0,'2019-02-16 05:06:59',0,'2019-02-16 05:06:59');
INSERT INTO `COMMITTEE_MEMBERS` (`USERID`, `RD_ID`, `LOGIN`, `PASSWORD`, `ROLE`, `NAME`, `DEPARTMENT`, `MOBILE`, `EMAIL`, `STATUS`, `ADD_BY`, `ADD_ON`, `EDIT_BY`, `EDIT_ON`) VALUES (4,1,'jhds','hgfd',1,'CM_GHJ','Biophysics','9568945612','mn@gmail.com',1,0,'2019-02-16 05:07:54',0,'2019-02-16 05:07:54');
INSERT INTO `COMMITTEE_MEMBERS` (`USERID`, `RD_ID`, `LOGIN`, `PASSWORD`, `ROLE`, `NAME`, `DEPARTMENT`, `MOBILE`, `EMAIL`, `STATUS`, `ADD_BY`, `ADD_ON`, `EDIT_BY`, `EDIT_ON`) VALUES (5,1,'fgfg','ssew',1,'CM_anu','Biostatistics','896312157','sa@yahoo.com',1,0,'2019-02-16 05:08:59',0,'2019-02-16 05:08:59');
INSERT INTO `COMMITTEE_MEMBERS` (`USERID`, `RD_ID`, `LOGIN`, `PASSWORD`, `ROLE`, `NAME`, `DEPARTMENT`, `MOBILE`, `EMAIL`, `STATUS`, `ADD_BY`, `ADD_ON`, `EDIT_BY`, `EDIT_ON`) VALUES (6,1,'hjkl','asdf',1,'CM_xty','Psy','896321569','xt@yahoo.co.in',1,0,'2019-02-16 05:09:43',0,'2019-02-16 05:09:43');
INSERT INTO `COMMITTEE_MEMBERS` (`USERID`, `RD_ID`, `LOGIN`, `PASSWORD`, `ROLE`, `NAME`, `DEPARTMENT`, `MOBILE`, `EMAIL`, `STATUS`, `ADD_BY`, `ADD_ON`, `EDIT_BY`, `EDIT_ON`) VALUES (7,1,'hgjh','saer',1,'CM_klj','Psy','998369845','xc@gmail.com',1,0,'2019-02-16 05:10:29',0,'2019-02-16 05:10:29');
INSERT INTO `COMMITTEE_MEMBERS` (`USERID`, `RD_ID`, `LOGIN`, `PASSWORD`, `ROLE`, `NAME`, `DEPARTMENT`, `MOBILE`, `EMAIL`, `STATUS`, `ADD_BY`, `ADD_ON`, `EDIT_BY`, `EDIT_ON`) VALUES (8,1,'yuio','oijk',2,'CM_chairman','Psy','9400091708','Chy2gmail.com',1,0,'2019-02-16 05:11:18',0,'2019-02-16 05:11:18');

INSERT INTO `CANDIDATES` (`CODE`, `RD_ID`, `NAME`, `DEPARTMENT`, `POST_APPLIED`, `AGE`, `CATEGORY`, `STATUS`, `ADD_BY`, `ADD_ON`, `EDIT_BY`, `EDIT_ON`) VALUES ('C001',1,'c_abc','Psy','Asst Prof','30','GEN',1,0,'2019-02-16 04:23:11',0,'2019-02-17 11:42:20');
INSERT INTO `CANDIDATES` (`CODE`, `RD_ID`, `NAME`, `DEPARTMENT`, `POST_APPLIED`, `AGE`, `CATEGORY`, `STATUS`, `ADD_BY`, `ADD_ON`, `EDIT_BY`, `EDIT_ON`) VALUES ('C002',1,'C_xyz','Neurology','Asst Prof','30','GEN',1,0,'2019-02-16 04:37:54',0,'2019-02-17 11:43:36');
INSERT INTO `CANDIDATES` (`CODE`, `RD_ID`, `NAME`, `DEPARTMENT`, `POST_APPLIED`, `AGE`, `CATEGORY`, `STATUS`, `ADD_BY`, `ADD_ON`, `EDIT_BY`, `EDIT_ON`) VALUES ('C003',1,'C_anu','Psy','Prof','30','GEN',1,0,'2019-02-16 04:38:43',0,'2019-02-17 11:43:36');
INSERT INTO `CANDIDATES` (`CODE`, `RD_ID`, `NAME`, `DEPARTMENT`, `POST_APPLIED`, `AGE`, `CATEGORY`, `STATUS`, `ADD_BY`, `ADD_ON`, `EDIT_BY`, `EDIT_ON`) VALUES ('C004',1,'C_pqr','Psy','Prof','30','GEN',1,0,'2019-02-16 04:39:19',0,'2019-02-17 11:43:36');
INSERT INTO `CANDIDATES` (`CODE`, `RD_ID`, `NAME`, `DEPARTMENT`, `POST_APPLIED`, `AGE`, `CATEGORY`, `STATUS`, `ADD_BY`, `ADD_ON`, `EDIT_BY`, `EDIT_ON`) VALUES ('C005',1,'C_mini','Neurosurgery','Asst Prof','30','GEN',1,0,'2019-02-16 04:39:53',0,'2019-02-17 11:43:36');
INSERT INTO `CANDIDATES` (`CODE`, `RD_ID`, `NAME`, `DEPARTMENT`, `POST_APPLIED`, `AGE`, `CATEGORY`, `STATUS`, `ADD_BY`, `ADD_ON`, `EDIT_BY`, `EDIT_ON`) VALUES ('C006',1,'C_joy','Neurology','Assoc Prof','30','GEN',1,0,'2019-02-16 04:40:21',0,'2019-02-17 11:43:36');
INSERT INTO `CANDIDATES` (`CODE`, `RD_ID`, `NAME`, `DEPARTMENT`, `POST_APPLIED`, `AGE`, `CATEGORY`, `STATUS`, `ADD_BY`, `ADD_ON`, `EDIT_BY`, `EDIT_ON`) VALUES ('C007',1,'C_axz','Neurology','Prof','30','GEN',1,0,'2019-02-16 04:42:33',0,'2019-02-17 11:43:36');
INSERT INTO `CANDIDATES` (`CODE`, `RD_ID`, `NAME`, `DEPARTMENT`, `POST_APPLIED`, `AGE`, `CATEGORY`, `STATUS`, `ADD_BY`, `ADD_ON`, `EDIT_BY`, `EDIT_ON`) VALUES ('C008',1,'C_aji','Biostatistics','Asst Prof','30','GEN',1,0,'2019-02-16 04:43:03',0,'2019-02-17 11:43:36');
INSERT INTO `CANDIDATES` (`CODE`, `RD_ID`, `NAME`, `DEPARTMENT`, `POST_APPLIED`, `AGE`, `CATEGORY`, `STATUS`, `ADD_BY`, `ADD_ON`, `EDIT_BY`, `EDIT_ON`) VALUES ('C009',1,'C_ammu','Biophysics','Assoc prof','30','GEN',1,0,'2019-02-16 04:43:42',0,'2019-02-17 11:43:36');
INSERT INTO `CANDIDATES` (`CODE`, `RD_ID`, `NAME`, `DEPARTMENT`, `POST_APPLIED`, `AGE`, `CATEGORY`, `STATUS`, `ADD_BY`, `ADD_ON`, `EDIT_BY`, `EDIT_ON`) VALUES ('C010',1,'C_kgh','Biostatistics','Asst Prof','30','GEN',1,0,'2019-02-16 04:44:31',0,'2019-02-17 11:43:36');
INSERT INTO `CANDIDATES` (`CODE`, `RD_ID`, `NAME`, `DEPARTMENT`, `POST_APPLIED`, `AGE`, `CATEGORY`, `STATUS`, `ADD_BY`, `ADD_ON`, `EDIT_BY`, `EDIT_ON`) VALUES ('C011',1,'C_lmn','Psy','Asst Prof','30','GEN',1,0,'2019-02-16 04:45:06',0,'2019-02-17 11:43:36');
INSERT INTO `CANDIDATES` (`CODE`, `RD_ID`, `NAME`, `DEPARTMENT`, `POST_APPLIED`, `AGE`, `CATEGORY`, `STATUS`, `ADD_BY`, `ADD_ON`, `EDIT_BY`, `EDIT_ON`) VALUES ('C012',1,'C_qwer','Biostatistics','Prof','30','GEN',1,0,'2019-02-16 04:45:47',0,'2019-02-17 11:43:36');
INSERT INTO `CANDIDATES` (`CODE`, `RD_ID`, `NAME`, `DEPARTMENT`, `POST_APPLIED`, `AGE`, `CATEGORY`, `STATUS`, `ADD_BY`, `ADD_ON`, `EDIT_BY`, `EDIT_ON`) VALUES ('C013',1,'C_kjl','Biostatistics','Prof','30','GEN',1,0,'2019-02-16 04:46:59',0,'2019-02-17 11:43:36');
INSERT INTO `CANDIDATES` (`CODE`, `RD_ID`, `NAME`, `DEPARTMENT`, `POST_APPLIED`, `AGE`, `CATEGORY`, `STATUS`, `ADD_BY`, `ADD_ON`, `EDIT_BY`, `EDIT_ON`) VALUES ('C014',1,'C_grt','Psy','Asst Prof','30','GEN',1,0,'2019-02-16 04:47:26',0,'2019-02-17 11:43:36');
INSERT INTO `CANDIDATES` (`CODE`, `RD_ID`, `NAME`, `DEPARTMENT`, `POST_APPLIED`, `AGE`, `CATEGORY`, `STATUS`, `ADD_BY`, `ADD_ON`, `EDIT_BY`, `EDIT_ON`) VALUES ('C015',1,'C_ghj','Neurosurgery','Asst Prof','30','GEN',1,0,'2019-02-16 04:47:57',0,'2019-02-17 11:43:36');
INSERT INTO `CANDIDATES` (`CODE`, `RD_ID`, `NAME`, `DEPARTMENT`, `POST_APPLIED`, `AGE`, `CATEGORY`, `STATUS`, `ADD_BY`, `ADD_ON`, `EDIT_BY`, `EDIT_ON`) VALUES ('C016',1,'C_mini','Psy','Assoc Prof','30','GEN',1,0,'2019-02-16 04:48:39',0,'2019-02-17 11:43:36');
INSERT INTO `CANDIDATES` (`CODE`, `RD_ID`, `NAME`, `DEPARTMENT`, `POST_APPLIED`, `AGE`, `CATEGORY`, `STATUS`, `ADD_BY`, `ADD_ON`, `EDIT_BY`, `EDIT_ON`) VALUES ('C017',1,'C_dfg','Psy','Assoc Prof','30','GEN',1,0,'2019-02-16 04:49:13',0,'2019-02-17 11:43:36');
INSERT INTO `CANDIDATES` (`CODE`, `RD_ID`, `NAME`, `DEPARTMENT`, `POST_APPLIED`, `AGE`, `CATEGORY`, `STATUS`, `ADD_BY`, `ADD_ON`, `EDIT_BY`, `EDIT_ON`) VALUES ('C018',1,'C_plm','Neurology','Asst Prof','30','GEN',1,0,'2019-02-16 04:56:15',0,'2019-02-17 11:43:36');

INSERT INTO `SCORES` (`RD_ID`, `USERID`, `CODE`, `SCORE`, `STATUS`, `ADD_BY`, `ADD_ON`, `EDIT_BY`, `EDIT_ON`) VALUES (1,1,'C001',45,1,0,'2019-02-16 05:12:10',0,'2019-02-16 05:12:10');
INSERT INTO `SCORES` (`RD_ID`, `USERID`, `CODE`, `SCORE`, `STATUS`, `ADD_BY`, `ADD_ON`, `EDIT_BY`, `EDIT_ON`) VALUES (1,2,'C001',55,1,0,'2019-02-16 05:12:33',0,'2019-02-16 05:12:33');
INSERT INTO `SCORES` (`RD_ID`, `USERID`, `CODE`, `SCORE`, `STATUS`, `ADD_BY`, `ADD_ON`, `EDIT_BY`, `EDIT_ON`) VALUES (1,2,'C005',51,1,0,'2019-02-16 05:14:05',0,'2019-02-16 05:14:05');
INSERT INTO `SCORES` (`RD_ID`, `USERID`, `CODE`, `SCORE`, `STATUS`, `ADD_BY`, `ADD_ON`, `EDIT_BY`, `EDIT_ON`) VALUES (1,3,'C001',52,1,0,'2019-02-16 05:12:53',0,'2019-02-16 05:12:53');
INSERT INTO `SCORES` (`RD_ID`, `USERID`, `CODE`, `SCORE`, `STATUS`, `ADD_BY`, `ADD_ON`, `EDIT_BY`, `EDIT_ON`) VALUES (1,4,'C002',48,1,0,'2019-02-16 05:13:37',0,'2019-02-16 05:13:37');
INSERT INTO `SCORES` (`RD_ID`, `USERID`, `CODE`, `SCORE`, `STATUS`, `ADD_BY`, `ADD_ON`, `EDIT_BY`, `EDIT_ON`) VALUES (1,8,'C001',62,1,0,'2019-02-16 05:13:18',0,'2019-02-16 05:13:18');

INSERT INTO `GRADES` (`RD_ID`, `CODE`, `USERID`, `GRADE1`, `GRADE2`, `STATUS`, `ADD_BY`, `ADD_ON`, `EDIT_BY`, `EDIT_ON`) VALUES (1,'C001',1,'C',NULL,1,9,'2019-02-16 10:03:54',9,'2019-02-16 10:03:54');
INSERT INTO `GRADES` (`RD_ID`, `CODE`, `USERID`, `GRADE1`, `GRADE2`, `STATUS`, `ADD_BY`, `ADD_ON`, `EDIT_BY`, `EDIT_ON`) VALUES (1,'C002',1,'B',NULL,1,9,'2019-02-16 10:03:54',9,'2019-02-16 10:03:54');
INSERT INTO `GRADES` (`RD_ID`, `CODE`, `USERID`, `GRADE1`, `GRADE2`, `STATUS`, `ADD_BY`, `ADD_ON`, `EDIT_BY`, `EDIT_ON`) VALUES (1,'C004',1,'A',NULL,1,9,'2019-02-16 10:03:54',9,'2019-02-16 10:03:54');
