
/*!40101 SET @OLD_CHARACTER_SET_CLIENT=@@CHARACTER_SET_CLIENT */;
/*!40101 SET @OLD_CHARACTER_SET_RESULTS=@@CHARACTER_SET_RESULTS */;
/*!40101 SET @OLD_COLLATION_CONNECTION=@@COLLATION_CONNECTION */;
 SET NAMES utf8 ;
/*!40103 SET @OLD_TIME_ZONE=@@TIME_ZONE */;
/*!40103 SET TIME_ZONE='+00:00' */;
/*!40014 SET @OLD_UNIQUE_CHECKS=@@UNIQUE_CHECKS, UNIQUE_CHECKS=0 */;
/*!40014 SET @OLD_FOREIGN_KEY_CHECKS=@@FOREIGN_KEY_CHECKS, FOREIGN_KEY_CHECKS=0 */;
/*!40101 SET @OLD_SQL_MODE=@@SQL_MODE, SQL_MODE='NO_AUTO_VALUE_ON_ZERO' */;
/*!40111 SET @OLD_SQL_NOTES=@@SQL_NOTES, SQL_NOTES=0 */;

INSERT INTO `RECRUITMENT_DRIVE` (`RD_ID`, `NAME`, `STATUS`, `ADD_BY`, `ADD_ON`, `EDIT_BY`, `EDIT_ON`) VALUES (1,'rd_xyz',1,0,'2019-02-16 09:50:23',0,'2019-02-16 09:50:23');

INSERT INTO `COMMITTEE_MEMBERS` (`USERID`, `RD_ID`, `LOGIN`, `PASSWORD`, `ROLE`, `NAME`, `DEPARTMENT`, `MOBILE`, `EMAIL`, `STATUS`, `ADD_BY`, `ADD_ON`, `EDIT_BY`, `EDIT_ON`) VALUES (1,1,'abcd','pqrs',1,'CM_xyz','Neurology','9986612365','xyz@gmail.com',1,0,'2019-02-16 10:35:12',0,'2019-02-16 10:35:12');
INSERT INTO `COMMITTEE_MEMBERS` (`USERID`, `RD_ID`, `LOGIN`, `PASSWORD`, `ROLE`, `NAME`, `DEPARTMENT`, `MOBILE`, `EMAIL`, `STATUS`, `ADD_BY`, `ADD_ON`, `EDIT_BY`, `EDIT_ON`) VALUES (2,1,'bncv','poiu',1,'CM_abc','Neurology','8569456321','abc@gmail.com',1,0,'2019-02-16 10:36:08',0,'2019-02-16 10:36:08');
INSERT INTO `COMMITTEE_MEMBERS` (`USERID`, `RD_ID`, `LOGIN`, `PASSWORD`, `ROLE`, `NAME`, `DEPARTMENT`, `MOBILE`, `EMAIL`, `STATUS`, `ADD_BY`, `ADD_ON`, `EDIT_BY`, `EDIT_ON`) VALUES (3,1,'hjkg','plas',1,'CM_qwer','Neurosurgery','2654879314','Cv@gmail.com',1,0,'2019-02-16 10:36:59',0,'2019-02-16 10:36:59');
INSERT INTO `COMMITTEE_MEMBERS` (`USERID`, `RD_ID`, `LOGIN`, `PASSWORD`, `ROLE`, `NAME`, `DEPARTMENT`, `MOBILE`, `EMAIL`, `STATUS`, `ADD_BY`, `ADD_ON`, `EDIT_BY`, `EDIT_ON`) VALUES (4,1,'jhds','hgfd',1,'CM_GHJ','Biophysics','9568945612','mn@gmail.com',1,0,'2019-02-16 10:37:54',0,'2019-02-16 10:37:54');
INSERT INTO `COMMITTEE_MEMBERS` (`USERID`, `RD_ID`, `LOGIN`, `PASSWORD`, `ROLE`, `NAME`, `DEPARTMENT`, `MOBILE`, `EMAIL`, `STATUS`, `ADD_BY`, `ADD_ON`, `EDIT_BY`, `EDIT_ON`) VALUES (5,1,'fgfg','ssew',1,'CM_anu','Biostatistics','896312157','sa@yahoo.com',1,0,'2019-02-16 10:38:59',0,'2019-02-16 10:38:59');
INSERT INTO `COMMITTEE_MEMBERS` (`USERID`, `RD_ID`, `LOGIN`, `PASSWORD`, `ROLE`, `NAME`, `DEPARTMENT`, `MOBILE`, `EMAIL`, `STATUS`, `ADD_BY`, `ADD_ON`, `EDIT_BY`, `EDIT_ON`) VALUES (6,1,'hjkl','asdf',1,'CM_xty','Psy','896321569','xt@yahoo.co.in',1,0,'2019-02-16 10:39:43',0,'2019-02-16 10:39:43');
INSERT INTO `COMMITTEE_MEMBERS` (`USERID`, `RD_ID`, `LOGIN`, `PASSWORD`, `ROLE`, `NAME`, `DEPARTMENT`, `MOBILE`, `EMAIL`, `STATUS`, `ADD_BY`, `ADD_ON`, `EDIT_BY`, `EDIT_ON`) VALUES (7,1,'hgjh','saer',1,'CM_klj','Psy','998369845','xc@gmail.com',1,0,'2019-02-16 10:40:29',0,'2019-02-16 10:40:29');
INSERT INTO `COMMITTEE_MEMBERS` (`USERID`, `RD_ID`, `LOGIN`, `PASSWORD`, `ROLE`, `NAME`, `DEPARTMENT`, `MOBILE`, `EMAIL`, `STATUS`, `ADD_BY`, `ADD_ON`, `EDIT_BY`, `EDIT_ON`) VALUES (8,1,'yuio','oijk',2,'CM_chairman','Psy','9400091708','Chy2gmail.com',1,0,'2019-02-16 10:41:18',0,'2019-02-16 10:41:18');

INSERT INTO `CANDIDATES` (`CODE`, `RD_ID`, `NAME`, `DEPARTMENT`, `POST_APPLIED`, `STATUS`, `ADD_BY`, `ADD_ON`, `EDIT_BY`, `EDIT_ON`) VALUES ('C001',1,'c_abc','Psy','Asst Prof',1,0,'2019-02-16 09:53:11',0,'2019-02-16 09:53:11');
INSERT INTO `CANDIDATES` (`CODE`, `RD_ID`, `NAME`, `DEPARTMENT`, `POST_APPLIED`, `STATUS`, `ADD_BY`, `ADD_ON`, `EDIT_BY`, `EDIT_ON`) VALUES ('C002',1,'C_xyz','Neurology','Asst Prof',1,0,'2019-02-16 10:07:54',0,'2019-02-16 10:07:54');
INSERT INTO `CANDIDATES` (`CODE`, `RD_ID`, `NAME`, `DEPARTMENT`, `POST_APPLIED`, `STATUS`, `ADD_BY`, `ADD_ON`, `EDIT_BY`, `EDIT_ON`) VALUES ('C003',1,'C_anu','Psy','Prof',1,0,'2019-02-16 10:08:43',0,'2019-02-16 10:08:43');
INSERT INTO `CANDIDATES` (`CODE`, `RD_ID`, `NAME`, `DEPARTMENT`, `POST_APPLIED`, `STATUS`, `ADD_BY`, `ADD_ON`, `EDIT_BY`, `EDIT_ON`) VALUES ('C004',1,'C_pqr','Psy','Prof',1,0,'2019-02-16 10:09:19',0,'2019-02-16 10:09:19');
INSERT INTO `CANDIDATES` (`CODE`, `RD_ID`, `NAME`, `DEPARTMENT`, `POST_APPLIED`, `STATUS`, `ADD_BY`, `ADD_ON`, `EDIT_BY`, `EDIT_ON`) VALUES ('C005',1,'C_mini','Neurosurgery','Asst Prof',1,0,'2019-02-16 10:09:53',0,'2019-02-16 10:09:53');
INSERT INTO `CANDIDATES` (`CODE`, `RD_ID`, `NAME`, `DEPARTMENT`, `POST_APPLIED`, `STATUS`, `ADD_BY`, `ADD_ON`, `EDIT_BY`, `EDIT_ON`) VALUES ('C006',1,'C_joy','Neurology','Assoc Prof',1,0,'2019-02-16 10:10:21',0,'2019-02-16 10:10:21');
INSERT INTO `CANDIDATES` (`CODE`, `RD_ID`, `NAME`, `DEPARTMENT`, `POST_APPLIED`, `STATUS`, `ADD_BY`, `ADD_ON`, `EDIT_BY`, `EDIT_ON`) VALUES ('C007',1,'C_axz','Neurology','Prof',1,0,'2019-02-16 10:12:33',0,'2019-02-16 10:12:33');
INSERT INTO `CANDIDATES` (`CODE`, `RD_ID`, `NAME`, `DEPARTMENT`, `POST_APPLIED`, `STATUS`, `ADD_BY`, `ADD_ON`, `EDIT_BY`, `EDIT_ON`) VALUES ('C008',1,'C_aji','Biostatistics','Asst Prof',1,0,'2019-02-16 10:13:03',0,'2019-02-16 10:13:03');
INSERT INTO `CANDIDATES` (`CODE`, `RD_ID`, `NAME`, `DEPARTMENT`, `POST_APPLIED`, `STATUS`, `ADD_BY`, `ADD_ON`, `EDIT_BY`, `EDIT_ON`) VALUES ('C009',1,'C_ammu','Biophysics','Assoc prof',1,0,'2019-02-16 10:13:42',0,'2019-02-16 10:13:42');
INSERT INTO `CANDIDATES` (`CODE`, `RD_ID`, `NAME`, `DEPARTMENT`, `POST_APPLIED`, `STATUS`, `ADD_BY`, `ADD_ON`, `EDIT_BY`, `EDIT_ON`) VALUES ('C010',1,'C_kgh','Biostatistics','Asst Prof',1,0,'2019-02-16 10:14:31',0,'2019-02-16 10:14:31');
INSERT INTO `CANDIDATES` (`CODE`, `RD_ID`, `NAME`, `DEPARTMENT`, `POST_APPLIED`, `STATUS`, `ADD_BY`, `ADD_ON`, `EDIT_BY`, `EDIT_ON`) VALUES ('C011',1,'C_lmn','Psy','Asst Prof',1,0,'2019-02-16 10:15:06',0,'2019-02-16 10:15:06');
INSERT INTO `CANDIDATES` (`CODE`, `RD_ID`, `NAME`, `DEPARTMENT`, `POST_APPLIED`, `STATUS`, `ADD_BY`, `ADD_ON`, `EDIT_BY`, `EDIT_ON`) VALUES ('C012',1,'C_qwer','Biostatistics','Prof',1,0,'2019-02-16 10:15:47',0,'2019-02-16 10:15:47');
INSERT INTO `CANDIDATES` (`CODE`, `RD_ID`, `NAME`, `DEPARTMENT`, `POST_APPLIED`, `STATUS`, `ADD_BY`, `ADD_ON`, `EDIT_BY`, `EDIT_ON`) VALUES ('C013',1,'C_kjl','Biostatistics','Prof',1,0,'2019-02-16 10:16:59',0,'2019-02-16 10:16:59');
INSERT INTO `CANDIDATES` (`CODE`, `RD_ID`, `NAME`, `DEPARTMENT`, `POST_APPLIED`, `STATUS`, `ADD_BY`, `ADD_ON`, `EDIT_BY`, `EDIT_ON`) VALUES ('C014',1,'C_grt','Psy','Asst Prof',1,0,'2019-02-16 10:17:26',0,'2019-02-16 10:17:26');
INSERT INTO `CANDIDATES` (`CODE`, `RD_ID`, `NAME`, `DEPARTMENT`, `POST_APPLIED`, `STATUS`, `ADD_BY`, `ADD_ON`, `EDIT_BY`, `EDIT_ON`) VALUES ('C015',1,'C_ghj','Neurosurgery','Asst Prof',1,0,'2019-02-16 10:17:57',0,'2019-02-16 10:17:57');
INSERT INTO `CANDIDATES` (`CODE`, `RD_ID`, `NAME`, `DEPARTMENT`, `POST_APPLIED`, `STATUS`, `ADD_BY`, `ADD_ON`, `EDIT_BY`, `EDIT_ON`) VALUES ('C016',1,'C_mini','Psy','Assoc Prof',1,0,'2019-02-16 10:18:39',0,'2019-02-16 10:18:39');
INSERT INTO `CANDIDATES` (`CODE`, `RD_ID`, `NAME`, `DEPARTMENT`, `POST_APPLIED`, `STATUS`, `ADD_BY`, `ADD_ON`, `EDIT_BY`, `EDIT_ON`) VALUES ('C017',1,'C_dfg','Psy','Assoc Prof',1,0,'2019-02-16 10:19:13',0,'2019-02-16 10:19:13');
INSERT INTO `CANDIDATES` (`CODE`, `RD_ID`, `NAME`, `DEPARTMENT`, `POST_APPLIED`, `STATUS`, `ADD_BY`, `ADD_ON`, `EDIT_BY`, `EDIT_ON`) VALUES ('C018',1,'C_plm','Neurology','Asst Prof',1,0,'2019-02-16 10:26:15',0,'2019-02-16 10:26:15');

INSERT INTO `SCORES` (`RD_ID`, `USERID`, `CODE`, `SCORE`, `STATUS`, `ADD_BY`, `ADD_ON`, `EDIT_BY`, `EDIT_ON`) VALUES (1,1,'C001',45,1,0,'2019-02-16 10:42:10',0,'2019-02-16 10:42:10');
INSERT INTO `SCORES` (`RD_ID`, `USERID`, `CODE`, `SCORE`, `STATUS`, `ADD_BY`, `ADD_ON`, `EDIT_BY`, `EDIT_ON`) VALUES (1,2,'C001',55,1,0,'2019-02-16 10:42:33',0,'2019-02-16 10:42:33');
INSERT INTO `SCORES` (`RD_ID`, `USERID`, `CODE`, `SCORE`, `STATUS`, `ADD_BY`, `ADD_ON`, `EDIT_BY`, `EDIT_ON`) VALUES (1,2,'C005',51,1,0,'2019-02-16 10:44:05',0,'2019-02-16 10:44:05');
INSERT INTO `SCORES` (`RD_ID`, `USERID`, `CODE`, `SCORE`, `STATUS`, `ADD_BY`, `ADD_ON`, `EDIT_BY`, `EDIT_ON`) VALUES (1,3,'C001',52,1,0,'2019-02-16 10:42:53',0,'2019-02-16 10:42:53');
INSERT INTO `SCORES` (`RD_ID`, `USERID`, `CODE`, `SCORE`, `STATUS`, `ADD_BY`, `ADD_ON`, `EDIT_BY`, `EDIT_ON`) VALUES (1,4,'C002',48,1,0,'2019-02-16 10:43:37',0,'2019-02-16 10:43:37');
INSERT INTO `SCORES` (`RD_ID`, `USERID`, `CODE`, `SCORE`, `STATUS`, `ADD_BY`, `ADD_ON`, `EDIT_BY`, `EDIT_ON`) VALUES (1,8,'C001',62,1,0,'2019-02-16 10:43:18',0,'2019-02-16 10:43:18');

INSERT INTO `GRADES` (`RD_ID`, `CODE`, `TOTAL_SCORE`, `GRADE1`, `GRADE2`, `STATUS`, `ADD_BY`, `ADD_ON`, `EDIT_BY`, `EDIT_ON`) VALUES (1,'C001',126,45,52,1,0,'2019-02-16 10:44:55',0,'2019-02-16 10:44:55');
/*!40103 SET TIME_ZONE=@OLD_TIME_ZONE */;

/*!40101 SET SQL_MODE=@OLD_SQL_MODE */;
/*!40014 SET FOREIGN_KEY_CHECKS=@OLD_FOREIGN_KEY_CHECKS */;
/*!40014 SET UNIQUE_CHECKS=@OLD_UNIQUE_CHECKS */;
/*!40101 SET CHARACTER_SET_CLIENT=@OLD_CHARACTER_SET_CLIENT */;
/*!40101 SET CHARACTER_SET_RESULTS=@OLD_CHARACTER_SET_RESULTS */;
/*!40101 SET COLLATION_CONNECTION=@OLD_COLLATION_CONNECTION */;
/*!40111 SET SQL_NOTES=@OLD_SQL_NOTES */;

